ROW,THUMBNAIL,CATEGORY,SET,YEAR,FILE_ID,FILE_NAME,STATE,ON_SITE,GALLERY,SORT,TITLE,CAPTION,ALT_TEXT
1,"=IF($F2="""","""",IMAGE(""https://drive.google.com/thumbnail?id=""&$F2&""&sz=w200""))",WILDLIFE,Tadoba,2013,16zmfai7HvWLaesiY7nN5sDLN8tH7ATcB,2013-05_Tadoba_IMG_0940.jpg,EXPORTED,,,,,,
2,"=IF($F3="""","""",IMAGE(""https://drive.google.com/thumbnail?id=""&$F3&""&sz=w200""))",WILDLIFE,Tadoba,2013,1-XQxqU4mStg36827ecRGUdPOJCyczFEK,2013-05_Tadoba_IMG_0930.jpg,EXPORTED,,,,,,
3,"=IF($F4="""","""",IMAGE(""https://drive.google.com/thumbnail?id=""&$F4&""&sz=w200""))",WILDLIFE,Tadoba,2013,1ieLiV1QDwucszWVv6EjC-lL0t3aLTqKr,2013-05_Tadoba_IMG_0924.jpg,EXPORTED,,,,,,
4,"=IF($F5="""","""",IMAGE(""https://drive.google.com/thumbnail?id=""&$F5&""&sz=w200""))",WILDLIFE,Tadoba ALLTIME,compiled,1Sxp_eoqhU1EyUsbENtam9jrWXIQ3-WLd,Tadoba_IMG_0676_FINAL_PRINT.png,EXPORTED,,,,,,
5,"=IF($F6="""","""",IMAGE(""https://drive.google.com/thumbnail?id=""&$F6&""&sz=w200""))",WILDLIFE,Tadoba ALLTIME,compiled,13nbPDcrBRut_ktX1iPAdg-1Y0VXHMjMq,Tadoba_alltime_01.jpeg,EXPORTED,,,,,,
6,"=IF($F7="""","""",IMAGE(""https://drive.google.com/thumbnail?id=""&$F7&""&sz=w200""))",WILDLIFE,Tadoba ALLTIME,compiled,1iEh4wzNigoj_6lTX7J7x8ZCEvNvgim25,Tadoba_alltime_02.jpeg,EXPORTED,,,,,,
7,"=IF($F8="""","""",IMAGE(""https://drive.google.com/thumbnail?id=""&$F8&""&sz=w200""))",WILDLIFE,Birds Mysuru / Ranganathittu,2024,1oV2IgDKBWgoqAFUPYSTiWB9lCE-sEiD7,2024-11_Mysuru_Birds_DSC00204.jpg,EXPORTED,,,,,,
8,"=IF($F9="""","""",IMAGE(""https://drive.google.com/thumbnail?id=""&$F9&""&sz=w200""))",WILDLIFE,Birds Mysuru / Ranganathittu,2024,1ymKpoo2Ht2nIna3-G7FVQ0dPWnDc4RVl,2024-11_Mysuru_Birds_DSC08809.jpg,EXPORTED,,,,,,
9,"=IF($F10="""","""",IMAGE(""https://drive.google.com/thumbnail?id=""&$F10&""&sz=w200""))",WILDLIFE,Birds Mysuru / Ranganathittu,2024,1T5USZRAEx7daP_q6dm8Zb_-IjUDGijQ2,2024-11_Mysuru_Birds_DSC08845.jpg,EXPORTED,,,,,,
10,"=IF($F11="""","""",IMAGE(""https://drive.google.com/thumbnail?id=""&$F11&""&sz=w200""))",WILDLIFE,Birds Mysuru / Ranganathittu,2024,1tVQLpNxNDTgpYTNS8h5Iz-CHZTBQIsKv,2024-11_Mysuru_Birds_DSC09117.jpg,EXPORTED,,,,,,
11,"=IF($F12="""","""",IMAGE(""https://drive.google.com/thumbnail?id=""&$F12&""&sz=w200""))",WILDLIFE,Birds Mysuru / Ranganathittu,2024,1WRDNqsjicAuR0cIWdgE7sJD3UKNy9WOg,2024-11_Mysuru_Birds_DSC09696.jpg,EXPORTED,,,,,,
12,"=IF($F13="""","""",IMAGE(""https://drive.google.com/thumbnail?id=""&$F13&""&sz=w200""))",WILDLIFE,Birds Mysuru / Ranganathittu,2024,1GxtwPcyvu8sodwyfBAiwtgNYIla8mTy2,2024-11_Mysuru_Birds_DSC09784.jpg,EXPORTED,,,,,,
13,"=IF($F14="""","""",IMAGE(""https://drive.google.com/thumbnail?id=""&$F14&""&sz=w200""))",ASTRO,Deep sky,2020,11d5o9R7MR1zuGHqLoKyHmndLJshD98Dk,2020_Horsehead_IC434.jpg,EXPORTED,,,,,,
14,"=IF($F15="""","""",IMAGE(""https://drive.google.com/thumbnail?id=""&$F15&""&sz=w200""))",ASTRO,Deep sky,2020,1Y6o4vBDa-Q_MFYKmbLvsW0rikNauHMTl,2020_California_Nebula.jpg,EXPORTED,,,,,,
15,"=IF($F16="""","""",IMAGE(""https://drive.google.com/thumbnail?id=""&$F16&""&sz=w200""))",ASTRO,Deep sky,2020,1DueudTavtHGmCHAw0-2hG9A_glpsKYgo,2020_Andromeda_M31_signed.jpg,EXPORTED,,,,,,
16,"=IF($F17="""","""",IMAGE(""https://drive.google.com/thumbnail?id=""&$F17&""&sz=w200""))",ASTRO,Deep sky,2021,1tZa5uLwqtFZssDaP2E94I1KRksXl_HF3,2021_Triangulum_M33_starless.jpg,EXPORTED,,,,,,
17,"=IF($F18="""","""",IMAGE(""https://drive.google.com/thumbnail?id=""&$F18&""&sz=w200""))",ASTRO,Lunar,2021,1VPpscpcdDGk4MD3vG-kEj2fd0pj4qbjS,2021_Katrain_Moon_BW.jpg,EXPORTED,,,,,,
18,"=IF($F19="""","""",IMAGE(""https://drive.google.com/thumbnail?id=""&$F19&""&sz=w200""))",ASTRO,Milky Way hi-RES,2020,1ExFQFnuBoznnrspTucOLnFgE3_E0RSmW,IMG_4404_MILKY_.jpg,EXPORTED,,,,,,
19,"=IF($F20="""","""",IMAGE(""https://drive.google.com/thumbnail?id=""&$F20&""&sz=w200""))",LANDSCAPE,hi-RES EXPO,2020,1FTVFhcbUVEjravrfOGU_7qkZiwUP1Ptl,IMG_4404.jpg,EXPORTED,,,,,,
20,"=IF($F21="""","""",IMAGE(""https://drive.google.com/thumbnail?id=""&$F21&""&sz=w200""))",LANDSCAPE,hi-RES EXPO,2020,1FH29y21bIx60hs9iKef2Z1lQ2KaFU-UH,IMG_4403.jpg,EXPORTED,,,,,,
21,"=IF($F22="""","""",IMAGE(""https://drive.google.com/thumbnail?id=""&$F22&""&sz=w200""))",LANDSCAPE,hi-RES EXPO,2020,1EpMvqknyLr2ejpFCSscZe1uvbgfeQtx2,IMG_4388.jpg,EXPORTED,,,,,,
22,"=IF($F23="""","""",IMAGE(""https://drive.google.com/thumbnail?id=""&$F23&""&sz=w200""))",LANDSCAPE,hi-RES EXPO,2020,1FHh0gTD9knUGk1NYs_MMrKYuIjgUnBHi,IMG_4383.jpg,EXPORTED,,,,,,
23,"=IF($F24="""","""",IMAGE(""https://drive.google.com/thumbnail?id=""&$F24&""&sz=w200""))",LANDSCAPE,hi-RES EXPO,2020,1FNYNgJLR-g2QZ4HmQD2DWLjkXkoOpvXe,IMG_4382.jpg,EXPORTED,,,,,,
24,"=IF($F25="""","""",IMAGE(""https://drive.google.com/thumbnail?id=""&$F25&""&sz=w200""))",LANDSCAPE,hi-RES EXPO,2020,1EvhVcmJBUT-DMZMbt8ZABKIOp9hdHEex,IMG_4381.jpg,EXPORTED,,,,,,
25,"=IF($F26="""","""",IMAGE(""https://drive.google.com/thumbnail?id=""&$F26&""&sz=w200""))",LANDSCAPE,hi-RES EXPO,2020,1Ew3V6Q0a6WcaprTN4W2lTPzOi-QoSYJL,IMG_4380.jpg,EXPORTED,,,,,,
26,"=IF($F27="""","""",IMAGE(""https://drive.google.com/thumbnail?id=""&$F27&""&sz=w200""))",LANDSCAPE,hi-RES EXPO,2020,1F7AC31kbp7A6jMCZQsENkfd8ASh9jHsW,IMG_4378.jpg,EXPORTED,,,,,,
27,"=IF($F28="""","""",IMAGE(""https://drive.google.com/thumbnail?id=""&$F28&""&sz=w200""))",LANDSCAPE,hi-RES EXPO,2020,1F6KPRlJC7tjeK2PJ4LOTeIR6npjdXBQC,IMG_4375.jpg,EXPORTED,,,,,,
28,"=IF($F29="""","""",IMAGE(""https://drive.google.com/thumbnail?id=""&$F29&""&sz=w200""))",LANDSCAPE,hi-RES EXPO,2020,1EqDsG1TfZnLNpGt7dy5-jPj3S62ezDx-,IMG_4374.jpg,EXPORTED,,,,,,
29,"=IF($F30="""","""",IMAGE(""https://drive.google.com/thumbnail?id=""&$F30&""&sz=w200""))",LANDSCAPE,hi-RES EXPO,2020,1EwyTQBFMKntKA_Po6uJnCJpxuFJAB3-F,IMG_4373.jpg,EXPORTED,,,,,,
30,"=IF($F31="""","""",IMAGE(""https://drive.google.com/thumbnail?id=""&$F31&""&sz=w200""))",LANDSCAPE,hi-RES EXPO,2020,1FNZJem2qJ7g6uDmnSAJyimQvUIpE-7ON,IMG_4372.jpg,EXPORTED,,,,,,
31,"=IF($F32="""","""",IMAGE(""https://drive.google.com/thumbnail?id=""&$F32&""&sz=w200""))",AVIATION,Aero India,2023,1tYO-UPKZOyYAg2A82Na5XBfgCqkMtWP-,2023_AeroIndia_01_denoised.jpeg,EXPORTED,,,,,,
32,"=IF($F33="""","""",IMAGE(""https://drive.google.com/thumbnail?id=""&$F33&""&sz=w200""))",AVIATION,Aero India,2023,1RmZg8X2tzWFAQWICoafPjSnam-2i9XCz,2023_AeroIndia_02_denoised.jpeg,EXPORTED,,,,,,
33,"=IF($F34="""","""",IMAGE(""https://drive.google.com/thumbnail?id=""&$F34&""&sz=w200""))",AVIATION,Sony Aero (uncurated),2021,1ofBLKxWcXWSEYUMFDVFcE5PQ3_rh_Pv4,DSC01222.JPG,UNCURATED,,,,,,
34,"=IF($F35="""","""",IMAGE(""https://drive.google.com/thumbnail?id=""&$F35&""&sz=w200""))",AVIATION,Sony Aero (uncurated),2021,1MxpBlj_4aV54l--2SAqpCDDtzdYoEEXp,DSC01219.JPG,UNCURATED,,,,,,
35,"=IF($F36="""","""",IMAGE(""https://drive.google.com/thumbnail?id=""&$F36&""&sz=w200""))",AVIATION,Sony Aero (uncurated),2021,1nJvleCQ79X0J6yD_xGvpM5SGdnPL3s6G,DSC01216.JPG,UNCURATED,,,,,,
36,"=IF($F37="""","""",IMAGE(""https://drive.google.com/thumbnail?id=""&$F37&""&sz=w200""))",AVIATION,Sony Aero (uncurated),2021,1ov8h6gam-kk8ICwMUvNCDDkUlXB7VWuy,DSC01197.JPG,UNCURATED,,,,,,
37,"=IF($F38="""","""",IMAGE(""https://drive.google.com/thumbnail?id=""&$F38&""&sz=w200""))",AVIATION,Sony Aero (uncurated),2021,1o2CEMMSxDh20CxaakQADNkKfHCgud_me,DSC01192.JPG,UNCURATED,,,,,,
38,"=IF($F39="""","""",IMAGE(""https://drive.google.com/thumbnail?id=""&$F39&""&sz=w200""))",AVIATION,Sony Aero (uncurated),2021,1nLk9UpcT1ijuoRs0Qf1rGq2Vlm0XQYDl,DSC01173.JPG,UNCURATED,,,,,,
39,"=IF($F40="""","""",IMAGE(""https://drive.google.com/thumbnail?id=""&$F40&""&sz=w200""))",AVIATION,Sony Aero (uncurated),2021,1MUglqmtQzJ_mIZ_3Qyc7nfn-R3YZa5TE,DSC01131.JPG,UNCURATED,,,,,,
40,"=IF($F41="""","""",IMAGE(""https://drive.google.com/thumbnail?id=""&$F41&""&sz=w200""))",AVIATION,Sony Aero (uncurated),2021,1NOMTliIhmyMHAR9yq68hyzvOT8IZaxlU,DSC01129.JPG,UNCURATED,,,,,,
41,"=IF($F42="""","""",IMAGE(""https://drive.google.com/thumbnail?id=""&$F42&""&sz=w200""))",AVIATION,Sony Aero (uncurated),2021,1oynAqBbLxeLmF_tmMGYzpJCS3lUbxtly,DSC01130.JPG,UNCURATED,,,,,,
42,"=IF($F43="""","""",IMAGE(""https://drive.google.com/thumbnail?id=""&$F43&""&sz=w200""))",AVIATION,Sony Aero (uncurated),2021,1MDFsAhicnPfqV-N8OPqGuYiZ_FIzgW30,DSC00996.JPG,UNCURATED,,,,,,
43,"=IF($F44="""","""",IMAGE(""https://drive.google.com/thumbnail?id=""&$F44&""&sz=w200""))",AVIATION,Sony Aero (uncurated),2021,1ooiA41GkPJ6TymO-HojsgAc1rM1QkJHZ,DSC00963.JPG,UNCURATED,,,,,,
44,"=IF($F45="""","""",IMAGE(""https://drive.google.com/thumbnail?id=""&$F45&""&sz=w200""))",AVIATION,Sony Aero (uncurated),2021,1oEaSQK_UcIf5dGAqusPDLUDNa8J8dDXx,DSC00951.JPG,UNCURATED,,,,,,
45,"=IF($F46="""","""",IMAGE(""https://drive.google.com/thumbnail?id=""&$F46&""&sz=w200""))",AVIATION,Sony Aero (uncurated),2021,1oy7TukXS1EGN61Au2JwhfIO4dVKbD7cr,DSC00890.JPG,UNCURATED,,,,,,
46,"=IF($F47="""","""",IMAGE(""https://drive.google.com/thumbnail?id=""&$F47&""&sz=w200""))",AVIATION,Sony Aero (uncurated),2021,1nzRjbbE5qkx_dtlFeb0G3DluBC9c1Azo,DSC00838.JPG,UNCURATED,,,,,,
47,"=IF($F48="""","""",IMAGE(""https://drive.google.com/thumbnail?id=""&$F48&""&sz=w200""))",AVIATION,Sony Aero (uncurated),2021,1p3DCzo7GjOUXbvQh2j7A95z5aZbMlTNe,DSC00828.JPG,UNCURATED,,,,,,
48,"=IF($F49="""","""",IMAGE(""https://drive.google.com/thumbnail?id=""&$F49&""&sz=w200""))",AVIATION,Sony Aero (uncurated),2021,1o2gvd6CLIIybA6SFH707w5IOIIwHXa01,DSC00832.JPG,UNCURATED,,,,,,
49,"=IF($F50="""","""",IMAGE(""https://drive.google.com/thumbnail?id=""&$F50&""&sz=w200""))",AVIATION,Sony Aero (uncurated),2021,1nmo-VGE5PSLbEgi31OraQx3wTVCXn77z,DSC00689.JPG,UNCURATED,,,,,,
50,"=IF($F51="""","""",IMAGE(""https://drive.google.com/thumbnail?id=""&$F51&""&sz=w200""))",AVIATION,Sony Aero (uncurated),2021,1oreFU3z1qnPK00T_ih-8ztquh_6vPbdM,DSC00723.JPG,UNCURATED,,,,,,
51,"=IF($F52="""","""",IMAGE(""https://drive.google.com/thumbnail?id=""&$F52&""&sz=w200""))",AVIATION,Sony Aero (uncurated),2021,1M9y3U6Z5aain77LU9b0un8L1LAUaLKtw,DSC00662.JPG,UNCURATED,,,,,,
52,"=IF($F53="""","""",IMAGE(""https://drive.google.com/thumbnail?id=""&$F53&""&sz=w200""))",AVIATION,Sony Aero (uncurated),2021,1p0u7q2x8RfJednlYPmEilrzOHdQWmCJ4,DSC00721.JPG,UNCURATED,,,,,,
53,"=IF($F54="""","""",IMAGE(""https://drive.google.com/thumbnail?id=""&$F54&""&sz=w200""))",LANDSCAPE,Munnar Super Select,2017,1XQjJA3NkYYDrc3ZH4Fcycxz670qdxqAf,2017_Munnar_DSC03614.jpg,EXPORTED,,,,,,
54,"=IF($F55="""","""",IMAGE(""https://drive.google.com/thumbnail?id=""&$F55&""&sz=w200""))",LANDSCAPE,Munnar Super Select,2017,1nNDtXdk1OFwzatj6KamST2slG-YizfQM,2017_Munnar_DSC03620.jpg,EXPORTED,,,,,,
55,"=IF($F56="""","""",IMAGE(""https://drive.google.com/thumbnail?id=""&$F56&""&sz=w200""))",LANDSCAPE,Munnar Super Select,2017,1rJCjof7l-FaPsOV1Xx4Lhdcjm1DCWfFy,2017_Munnar_DSC03709.jpg,EXPORTED,,,,,,
56,"=IF($F57="""","""",IMAGE(""https://drive.google.com/thumbnail?id=""&$F57&""&sz=w200""))",LANDSCAPE,Munnar Super Select,2017,1geux5oyVuro1EU7o_fG9ab7lRMDZTtCU,2017_Munnar_DSC03754.jpg,EXPORTED,,,,,,
57,"=IF($F58="""","""",IMAGE(""https://drive.google.com/thumbnail?id=""&$F58&""&sz=w200""))",LANDSCAPE,Munnar Super Select,2017,1tSwgvwUOluT_PBdNRNJJ9MghO2rl1hfw,2017_Munnar_DSC03803.jpg,EXPORTED,,,,,,
58,"=IF($F59="""","""",IMAGE(""https://drive.google.com/thumbnail?id=""&$F59&""&sz=w200""))",LANDSCAPE,Munnar Super Select,2017,1HAxAI8zn5h2hhKDGDkLnGf5yPv5TebMs,2017_Munnar_DSC03826.jpg,EXPORTED,,,,,,
59,"=IF($F60="""","""",IMAGE(""https://drive.google.com/thumbnail?id=""&$F60&""&sz=w200""))",LANDSCAPE,Munnar Super Select,2017,1g3DWqHHo9syDvniImVxCSBhxMtsgqFVm,2017_Munnar_DSC03876.jpg,EXPORTED,,,,,,
60,"=IF($F61="""","""",IMAGE(""https://drive.google.com/thumbnail?id=""&$F61&""&sz=w200""))",LANDSCAPE,Munnar Super Select,2017,17F5pwuty57nRS55kAVODnPSoVuUM-D65,2017_Munnar_DSC03894.jpg,EXPORTED,,,,,,
61,"=IF($F62="""","""",IMAGE(""https://drive.google.com/thumbnail?id=""&$F62&""&sz=w200""))",LANDSCAPE,Munnar Super Select,2017,1XD_eaq82UHhWBzIglZY_s8wAaapum0wr,2017_Munnar_DSC03912.jpg,EXPORTED,,,,,,
62,"=IF($F63="""","""",IMAGE(""https://drive.google.com/thumbnail?id=""&$F63&""&sz=w200""))",LANDSCAPE,Munnar Super Select,2017,13XXT8mIKgRI60AKe9pEcYehzFB5tVtn7,2017_Munnar_DSC03916.jpg,EXPORTED,,,,,,
63,"=IF($F64="""","""",IMAGE(""https://drive.google.com/thumbnail?id=""&$F64&""&sz=w200""))",LANDSCAPE,Munnar Super Select,2017,1DzoWbvhU_kRqCoeYQZMo2jNOVBn7JxTQ,2017_Munnar_DSC03944.jpg,EXPORTED,,,,,,
64,"=IF($F65="""","""",IMAGE(""https://drive.google.com/thumbnail?id=""&$F65&""&sz=w200""))",LANDSCAPE,Munnar Super Select,2017,1xcl6qd1p2HGg3R-nUPpHwlPIeyp5lLZR,2017_Munnar_DSC03982.jpg,EXPORTED,,,,,,
65,"=IF($F66="""","""",IMAGE(""https://drive.google.com/thumbnail?id=""&$F66&""&sz=w200""))",LANDSCAPE,Munnar Super Select,2017,1FZawC04jV94RrJCkkm-9DBv8Avj37k73,2017_Munnar_DSC04000.jpg,EXPORTED,,,,,,
66,"=IF($F67="""","""",IMAGE(""https://drive.google.com/thumbnail?id=""&$F67&""&sz=w200""))",LANDSCAPE,Munnar Super Select,2017,1KWyudV091iD05GuVWkLKocaGDG9RsQbu,2017_Munnar_DSC04072.jpg,EXPORTED,,,,,,
67,"=IF($F68="""","""",IMAGE(""https://drive.google.com/thumbnail?id=""&$F68&""&sz=w200""))",LANDSCAPE,Munnar Super Select,2017,1fP_C1UEhAAhXG1kA1NM07mO4nzd3R_v9,2017_Munnar_DSC04085.jpg,EXPORTED,,,,,,
68,"=IF($F69="""","""",IMAGE(""https://drive.google.com/thumbnail?id=""&$F69&""&sz=w200""))",LANDSCAPE,Munnar Super Select,2017,1KTsOFleyQS7P8uYJLhhw4An6OVib59pj,2017_Munnar_DSC04092.jpg,EXPORTED,,,,,,
69,"=IF($F70="""","""",IMAGE(""https://drive.google.com/thumbnail?id=""&$F70&""&sz=w200""))",LANDSCAPE,Munnar Super Select,2017,1M6pX6Ktydy52m4rlCbb-rFSR2DlcokbE,2017_Munnar_DSC04123.jpg,EXPORTED,,,,,,
70,"=IF($F71="""","""",IMAGE(""https://drive.google.com/thumbnail?id=""&$F71&""&sz=w200""))",LANDSCAPE,Munnar Super Select,2017,1b-iJTqTS-viA4pETPDha9zVscnpBarjh,2017_Munnar_DSC04125.jpg,EXPORTED,,,,,,
71,"=IF($F72="""","""",IMAGE(""https://drive.google.com/thumbnail?id=""&$F72&""&sz=w200""))",LANDSCAPE,Munnar Super Select,2017,127ceALBMvFzihfYDZZCFq_rqQjKnnMA0,2017_Munnar_DSC04127.jpg,EXPORTED,,,,,,
72,"=IF($F73="""","""",IMAGE(""https://drive.google.com/thumbnail?id=""&$F73&""&sz=w200""))",LANDSCAPE,Munnar Super Select,2017,1wBMe36nLUZp_eK7uXrFPD_FKe0Y6klaz,2017_Munnar_DSC04129.jpg,EXPORTED,,,,,,
73,"=IF($F74="""","""",IMAGE(""https://drive.google.com/thumbnail?id=""&$F74&""&sz=w200""))",LANDSCAPE,Munnar Super Select,2017,1XI8UFxPWkcrhwi09pWwrpfAiS0nilFJB,2017_Munnar_DSC04151.jpg,EXPORTED,,,,,,
74,"=IF($F75="""","""",IMAGE(""https://drive.google.com/thumbnail?id=""&$F75&""&sz=w200""))",LANDSCAPE,Munnar Super Select,2017,1xzQte-bCsWM6hXv-pKArDcibCoA1ESJu,2017_Munnar_DSC04163.jpg,EXPORTED,,,,,,
75,"=IF($F76="""","""",IMAGE(""https://drive.google.com/thumbnail?id=""&$F76&""&sz=w200""))",LANDSCAPE,Munnar Super Select,2017,1BgRxm8cSkJAeD-Dw9MfkRgM_FdjujUJg,2017_Munnar_DSC04179.jpg,EXPORTED,,,,,,
76,"=IF($F77="""","""",IMAGE(""https://drive.google.com/thumbnail?id=""&$F77&""&sz=w200""))",LANDSCAPE,Munnar Super Select,2017,1x4mmrijmSKX2HDgoMlEcKb9egi23fc23,2017_Munnar_DSC04183.jpg,EXPORTED,,,,,,
77,"=IF($F78="""","""",IMAGE(""https://drive.google.com/thumbnail?id=""&$F78&""&sz=w200""))",LANDSCAPE,Munnar Super Select,2017,1dVKKaaBxnyKw6clQ5Ust-d8vfMGonfBV,2017_Munnar_DSC04185.jpg,EXPORTED,,,,,,
78,"=IF($F79="""","""",IMAGE(""https://drive.google.com/thumbnail?id=""&$F79&""&sz=w200""))",LANDSCAPE,Munnar Super Select,2017,1coPotilo7-q9yDhcBHIqXq3ke9KjKv-k,2017_Munnar_DSC04216.jpg,EXPORTED,,,,,,
79,"=IF($F80="""","""",IMAGE(""https://drive.google.com/thumbnail?id=""&$F80&""&sz=w200""))",LANDSCAPE,Munnar Super Select,2017,1m_eaSDAqucQ6UzQZgzAmSypRCVSTAk92,2017_Munnar_DSC04232.jpg,EXPORTED,,,,,,
80,"=IF($F81="""","""",IMAGE(""https://drive.google.com/thumbnail?id=""&$F81&""&sz=w200""))",LANDSCAPE,Munnar Super Select,2017,1JRd0F-JNn1-q4X8ibbMbkiipJHmFRiwl,2017_Munnar_DSC04239.jpg,EXPORTED,,,,,,
81,"=IF($F82="""","""",IMAGE(""https://drive.google.com/thumbnail?id=""&$F82&""&sz=w200""))",LANDSCAPE,Munnar Super Select,2017,1ZgygrIs6GZZx2Io9UuX7PlfDL5GWRYYq,2017_Munnar_DSC04241.jpg,EXPORTED,,,,,,
82,"=IF($F83="""","""",IMAGE(""https://drive.google.com/thumbnail?id=""&$F83&""&sz=w200""))",LANDSCAPE,Munnar Super Select,2017,1qrXLyxfzdAcGchd-VvlypaxSJwF79CD9,2017_Munnar_DSC04242.jpg,EXPORTED,,,,,,
83,"=IF($F84="""","""",IMAGE(""https://drive.google.com/thumbnail?id=""&$F84&""&sz=w200""))",STREET_URBAN,Varanasi Print Pack 1.1,2022,1ZRK-n66ebxMZV1aD08zqBFIdahkZ8xOx,2022_Varanasi_Pack_DSC02380.jpg,EXPORTED,,,,,,
84,"=IF($F85="""","""",IMAGE(""https://drive.google.com/thumbnail?id=""&$F85&""&sz=w200""))",STREET_URBAN,Varanasi Print Pack 1.1,2022,1_WtRbf78D6JQhaxEGkuXzC9Ee6kjTX89,2022_Varanasi_Pack_DSC02382.jpg,EXPORTED,,,,,,
85,"=IF($F86="""","""",IMAGE(""https://drive.google.com/thumbnail?id=""&$F86&""&sz=w200""))",STREET_URBAN,Varanasi Print Pack 1.1,2022,103mic9ZH3WVm4ZWJcJ6YoEJ_JCSBXdn5,2022_Varanasi_Pack_DSC02401.jpg,EXPORTED,,,,,,
86,"=IF($F87="""","""",IMAGE(""https://drive.google.com/thumbnail?id=""&$F87&""&sz=w200""))",STREET_URBAN,Varanasi Print Pack 1.1,2022,1i13rtrfaYrDuZFOjfRD0rmMhdx-SFmLm,2022_Varanasi_Pack_DSC02402.jpg,EXPORTED,,,,,,
87,"=IF($F88="""","""",IMAGE(""https://drive.google.com/thumbnail?id=""&$F88&""&sz=w200""))",STREET_URBAN,Varanasi Print Pack 1.1,2022,1WmHpIGUF42nh9xJiafpPGDLX7IbhS5rh,2022_Varanasi_Pack_DSC02405.jpg,EXPORTED,,,,,,
88,"=IF($F89="""","""",IMAGE(""https://drive.google.com/thumbnail?id=""&$F89&""&sz=w200""))",STREET_URBAN,Varanasi Print Pack 1.1,2022,19t0xfN5FmaIiTw7UT5JiU1sy8M8hZ7HK,2022_Varanasi_Pack_DSC02473.jpg,EXPORTED,,,,,,
89,"=IF($F90="""","""",IMAGE(""https://drive.google.com/thumbnail?id=""&$F90&""&sz=w200""))",STREET_URBAN,Varanasi Print Pack 1.1,2022,1iHolV7A-krrPE16NzEqbsZvLb8njgtNQ,2022_Varanasi_Pack_DSC02504.jpg,EXPORTED,,,,,,
90,"=IF($F91="""","""",IMAGE(""https://drive.google.com/thumbnail?id=""&$F91&""&sz=w200""))",STREET_URBAN,Varanasi Print Pack 1.1,2022,1JThVHnGTWSeMB48URTSGnfENLA6CTdph,2022_Varanasi_Pack_DSC02514.jpg,EXPORTED,,,,,,
91,"=IF($F92="""","""",IMAGE(""https://drive.google.com/thumbnail?id=""&$F92&""&sz=w200""))",STREET_URBAN,Varanasi Print Pack 1.1,2022,1m1f5NKJL1rkpIUBuqZwipA4k-HhPKx9d,2022_Varanasi_Pack_DSC02555.jpg,EXPORTED,,,,,,
92,"=IF($F93="""","""",IMAGE(""https://drive.google.com/thumbnail?id=""&$F93&""&sz=w200""))",STREET_URBAN,Varanasi Print Pack 1.1,2022,17TJDON4-zPyc3gUYmdviAaBkwZlAa_t4,2022_Varanasi_Pack_DSC02580.jpg,EXPORTED,,,,,,
93,"=IF($F94="""","""",IMAGE(""https://drive.google.com/thumbnail?id=""&$F94&""&sz=w200""))",STREET_URBAN,Varanasi Print Pack 1.1,2022,1NzMOX6bS-vygfcQeCUsk3VBYnH1nj1AK,2022_Varanasi_Pack_DSC02585.jpg,EXPORTED,,,,,,
94,"=IF($F95="""","""",IMAGE(""https://drive.google.com/thumbnail?id=""&$F95&""&sz=w200""))",STREET_URBAN,Varanasi Print Pack 1.1,2022,10lpYJxWmVbQuaXVXaGHKHdtCGes6z0wj,2022_Varanasi_Pack_DSC02586.jpg,EXPORTED,,,,,,
95,"=IF($F96="""","""",IMAGE(""https://drive.google.com/thumbnail?id=""&$F96&""&sz=w200""))",STREET_URBAN,Varanasi Print Pack 1.1,2022,11AAMYgsYJ1NEgLGj2ohmUsw9r5jb74Ab,2022_Varanasi_Pack_IMG_7520.jpg,EXPORTED,,,,,,
96,"=IF($F97="""","""",IMAGE(""https://drive.google.com/thumbnail?id=""&$F97&""&sz=w200""))",STREET_URBAN,Varanasi Print Pack 1.1,2022,168sKrFMuEhPjPRGJUnfkjFLbMVTmkd3t,2022_Varanasi_Pack_IMG_7557.jpg,EXPORTED,,,,,,
97,"=IF($F98="""","""",IMAGE(""https://drive.google.com/thumbnail?id=""&$F98&""&sz=w200""))",STREET_URBAN,Varanasi Print Pack 1.1,2022,11P-UrUUNRkNnySXN_IU3p14vc_1XI_8o,2022_Varanasi_Pack_IMG_7608_COL.jpg,EXPORTED,,,,,,
98,"=IF($F99="""","""",IMAGE(""https://drive.google.com/thumbnail?id=""&$F99&""&sz=w200""))",STREET_URBAN,Varanasi Print Pack 1.1,2022,1NKAaQHp510W9U7xx0bobvsBCFW_Oo3dI,2022_Varanasi_Pack_IMG_7629.jpg,EXPORTED,,,,,,
99,"=IF($F100="""","""",IMAGE(""https://drive.google.com/thumbnail?id=""&$F100&""&sz=w200""))",SUBMISSIONS,Head-On Photo Awards,2021,12gJymUXlfnVXjpbhZ2FQghiEuPaqFX47,2021_HPA_Disapproval_BW.jpg,EXPORTED,,,,,,
100,"=IF($F101="""","""",IMAGE(""https://drive.google.com/thumbnail?id=""&$F101&""&sz=w200""))",SUBMISSIONS,Head-On Photo Awards,2021,1ETz8i_ypKuMKxMIC7MKR6SL6bwNce0SV,2021_HPA_Disapproval_COL.jpg,EXPORTED,,,,,,
101,"=IF($F102="""","""",IMAGE(""https://drive.google.com/thumbnail?id=""&$F102&""&sz=w200""))",SUBMISSIONS,Print file A2,2021,1h7d0xpJkPrBs5pnmwzPLoNozKo_v1eaQ,2021_Astro_A2_print_file.jpg,EXPORTED,,,,,,
102,"=IF($F103="""","""",IMAGE(""https://drive.google.com/thumbnail?id=""&$F103&""&sz=w200""))",BRAND,Signature,2018,1v0Cxbp5VNDPXRGu5_E-UCyqMY8TkrgWF,sign_2018_BLACK.png,EXPORTED,,,,,,
103,"=IF($F104="""","""",IMAGE(""https://drive.google.com/thumbnail?id=""&$F104&""&sz=w200""))",BRAND,Signature,2018,1ooLD-qafdybgISyFwOfrbUwxl2AwH0MN,sign_2018_WHITE.png,EXPORTED,,,,,,
104,"=IF($F105="""","""",IMAGE(""https://drive.google.com/thumbnail?id=""&$F105&""&sz=w200""))",BRAND,Signature,2018,1OXddjIGfVRlNYvB2hFQGrHdJgzfZeOGC,sign_2018_REALLYSMALL_WHITE.png,EXPORTED,,,,,,
105,"=IF($F93="""","""",IMAGE(""https://drive.google.com/thumbnail?id=""&$F93&""&sz=w200""))",CULTURAL,Kumbh Mela,2013,1JAoDycmJEkihPlrH6k3VMVzk7miHkw-i,2013_Kumbh_IMG_7627.jpg,EXPORTED,,,,,,
106,"=IF($F94="""","""",IMAGE(""https://drive.google.com/thumbnail?id=""&$F94&""&sz=w200""))",CULTURAL,Kumbh Mela,2013,1gdYOPU5chWI64f8KZKc1UzfNZK0QTVdy,2013_Kumbh_IMG_7623.jpg,EXPORTED,,,,,,
107,"=IF($F95="""","""",IMAGE(""https://drive.google.com/thumbnail?id=""&$F95&""&sz=w200""))",CULTURAL,Kumbh Mela,2013,1mq5O52CRQPL_YhrNo8mYXPOFrY_fZt3b,2013_Kumbh_IMG_7622.jpg,EXPORTED,,,,,,
108,"=IF($F96="""","""",IMAGE(""https://drive.google.com/thumbnail?id=""&$F96&""&sz=w200""))",CULTURAL,Kumbh Mela,2013,1tqzRrowTXf7OJ8tZ8q71yIE94Y7eLyD0,2013_Kumbh_IMG_7620.jpg,EXPORTED,,,,,,
109,"=IF($F97="""","""",IMAGE(""https://drive.google.com/thumbnail?id=""&$F97&""&sz=w200""))",CULTURAL,Kumbh Mela,2013,1e6L9coDr3hCeHeu9mbbkGsCcqiJsVlWo,2013_Kumbh_IMG_7619.jpg,EXPORTED,,,,,,
110,"=IF($F98="""","""",IMAGE(""https://drive.google.com/thumbnail?id=""&$F98&""&sz=w200""))",CULTURAL,Kumbh Mela,2013,1PZmsTrIaY0OKubrkQ2xe3UiMZX0FujTE,2013_Kumbh_IMG_7618.jpg,EXPORTED,,,,,,
111,"=IF($F99="""","""",IMAGE(""https://drive.google.com/thumbnail?id=""&$F99&""&sz=w200""))",CULTURAL,Kumbh Mela,2013,1Y_Dg3hAkSv6YH_bsMYUEYnQzyMGTfThV,2013_Kumbh_IMG_7617.jpg,EXPORTED,,,,,,
112,"=IF($F100="""","""",IMAGE(""https://drive.google.com/thumbnail?id=""&$F100&""&sz=w200""))",CULTURAL,Kumbh Mela,2013,1XaampbRPkutF5sEjcTnGYp2wJ_GeGXN7,2013_Kumbh_IMG_8719.jpg,EXPORTED,,,,,,
113,"=IF($F101="""","""",IMAGE(""https://drive.google.com/thumbnail?id=""&$F101&""&sz=w200""))",CULTURAL,Kumbh Mela,2013,12Q6wF2kNVwRfdgimg9GF_ucVj7UGK_J5,2013_Kumbh_IMG_8717.jpg,EXPORTED,,,,,,
114,"=IF($F102="""","""",IMAGE(""https://drive.google.com/thumbnail?id=""&$F102&""&sz=w200""))",CULTURAL,Kumbh Mela,2013,18IKhzP_h9MZxqLf3290F-lOzbkmTrcPG,2013_Kumbh_IMG_8713.jpg,EXPORTED,,,,,,
115,"=IF($F103="""","""",IMAGE(""https://drive.google.com/thumbnail?id=""&$F103&""&sz=w200""))",CULTURAL,Kumbh Mela,2013,1iqbvCsypbOWLMbbLAjiRwVWNGJwp0WfV,2013_Kumbh_IMG_8681.jpg,EXPORTED,,,,,,
116,"=IF($F104="""","""",IMAGE(""https://drive.google.com/thumbnail?id=""&$F104&""&sz=w200""))",CULTURAL,Kumbh Mela,2013,1q78tvErf7SuBK3AqO0d92QRk-SQAy-KS,2013_Kumbh_IMG_8671.jpg,EXPORTED,,,,,,
117,"=IF($F105="""","""",IMAGE(""https://drive.google.com/thumbnail?id=""&$F105&""&sz=w200""))",CULTURAL,Kumbh Mela,2013,1rLNrl27CTyytK4LgI99QZs4_FrojFXZd,2013_Kumbh_IMG_8659.jpg,EXPORTED,,,,,,
118,"=IF($F106="""","""",IMAGE(""https://drive.google.com/thumbnail?id=""&$F106&""&sz=w200""))",CULTURAL,Kumbh Mela,2013,1SQ9OIxbzzY_bSpl4Pt8obhG-VPgqkLrH,2013_Kumbh_IMG_8658.jpg,EXPORTED,,,,,,
119,"=IF($F107="""","""",IMAGE(""https://drive.google.com/thumbnail?id=""&$F107&""&sz=w200""))",CULTURAL,Kumbh Mela,2013,1MBE53Gwmsajubpb5O-ykx2-6am8kyXlA,2013_Kumbh_IMG_8631.jpg,EXPORTED,,,,,,
120,"=IF($F108="""","""",IMAGE(""https://drive.google.com/thumbnail?id=""&$F108&""&sz=w200""))",CULTURAL,Kumbh Mela,2013,19Qi3pP0s7VCe1cls6yFO4STIICct7Etn,2013_Kumbh_IMG_8627.jpg,EXPORTED,,,,,,
121,"=IF($F109="""","""",IMAGE(""https://drive.google.com/thumbnail?id=""&$F109&""&sz=w200""))",CULTURAL,Kumbh Mela,2013,1m1swa8-Seu9vgcRz1E4tcYC1law1xe21,2013_Kumbh_IMG_8623.jpg,EXPORTED,,,,,,
122,"=IF($F110="""","""",IMAGE(""https://drive.google.com/thumbnail?id=""&$F110&""&sz=w200""))",CULTURAL,Kumbh Mela,2013,1bvA0QXQjmDom3oJetmUGM6mZYW8LEXRL,2013_Kumbh_IMG_8612.jpg,EXPORTED,,,,,,
123,"=IF($F111="""","""",IMAGE(""https://drive.google.com/thumbnail?id=""&$F111&""&sz=w200""))",CULTURAL,Kumbh Mela,2013,1B2IEmuJ19xdzQfQVXWFqR9PqdTvYIi4y,2013_Kumbh_IMG_8607.jpg,EXPORTED,,,,,,
124,"=IF($F112="""","""",IMAGE(""https://drive.google.com/thumbnail?id=""&$F112&""&sz=w200""))",CULTURAL,Kumbh Mela,2013,1_wZlZLdb0zbvsp3581yVk47aZFkq3ooc,2013_Kumbh_IMG_8605.jpg,EXPORTED,,,,,,
125,"=IF($F113="""","""",IMAGE(""https://drive.google.com/thumbnail?id=""&$F113&""&sz=w200""))",CULTURAL,Kumbh Mela,2013,10YyPBzn7g7I6aW4zKIkF72o-5sBGpBb-,2013_Kumbh_IMG_8602.jpg,EXPORTED,,,,,,
126,"=IF($F114="""","""",IMAGE(""https://drive.google.com/thumbnail?id=""&$F114&""&sz=w200""))",CULTURAL,Kumbh Mela,2013,19vKJGG_hgktbLj-Po9UUklWwbdi_D0-3,2013_Kumbh_IMG_8601.jpg,EXPORTED,,,,,,
